{"presets":{"Black":{"slide_4_title":"","header_font":"'Helvetica Neue', Helvetica, Arial, sans-serif","show_visa":true,"table_color":"#F9F9F9","product_bg":"#1f2527","link_color":"#fe6f61","twitter_follow_hover":"#fe6f61","slide_3_title":"","slide_1_link":"/collections/all","slide_4_link":"/collections/all","bg_position":"0 0","slide_2_price":"$599","share_products":"enabled","footer_text_color":"#b0c1c7","marquee_color":"#b0c1c7","notes_text":"Tell us about any special instructions:","rotate_freq":"5000","slide_5_title":"","home_twitter":"enabled","slide_2_display":"enabled","side_blog_excerpt":"no_excerpt","slide_3_price":"$599","accent_hover":"#637479","twitter_follow":"enabled","container_bg_color":"#15191b","slideshow":"enabled","mailchimp_subscribe_hover":"#fe6f61","footer_links":"","bg_attachment":"scroll","slide_4_display":"disabled","logo":"disabled","slide_5_display":"disabled","nav_bg_color":"#15191b","show_discover":true,"blog_tags":"enabled","footer_blog_icon":"news","slide_2_content":"disabled","slide_3_link":"/collections/all","input_border":"#384347","marquee_text":"Restored vintage framesets, hand-finished on site.","marquee":"enabled","nav_top_color":"#333f43","featured_blog":"news","shop_bybrand":"enabled","slide_1_title":"Slide 1","nav_link_hover":"#FFF","about_footer_title":"About Us","twitter_bubble":"#333f43","slide_3_desc":"","side_blog":"enabled","marquee_title":"Hand-finished Framesets","share_articles":"enabled","mailing_list_text":"Subscribe to our mailing list to stay up-to-date with promotions, new products and our community.","enable_mailing_list":true,"slide_2_title":"Slide 2","product_brand":"enabled","nav_dropdown_bg":"#1f2527","footer_title_color":"#eeeeee","bg_color":"#212527","logo_font":"'BebasNeueRegular', Helvetica, Arial, sans-serif","slide_1_price":"$599","slide_1_content":"enabled","product_display_type":"fixed","marquee_price":"$599","input_background":"#b0c1c7","text_color":"#b0c1c7","slide_5_link":"/collections/all","slide_3_content":"enabled","marquee_content":"enabled","home_blog_excerpt":"body","slide_2_link":"/collections/all","blog_tag_text":"#FFFFFF","show_paypal":true,"slide_5_desc":"","about_footer":"Jitensha is a Shopify theme by the chaps over at Pixel Union. This is just a demo theme and all of the products are fake.","secondary_featured_products":"","bg_image":"img-dark-body_bg.gif","twitter_side":"enabled","logo_text_color":"#e7ecee","shop_bycat":"enabled","mailing_list_form_action":"","enable_creditcards":true,"slide_5_content":"enabled","fixed_height":"300","slide_2_desc":"Curabitur blandit tempus porttitor.","rectangle_font":"'OstrichSansBlack', Helvetica, Arial, sans-serif","nav_active_link_bg_color":"#333f43","base_color":"dark","featured_products_hidden":false,"footer_icon_hover":"#fe6f61","search_bg_color":"#b0c1c7","slide_5_price":"$599","facebook_url":"","display_recently_viewed":"enabled","secondary_text_color":"#637479","customer_layout":"theme","twitter_handle":"pixelunion","twitter_follow_color":"#333f43","featured_products":"frontpage","sidebar_title_color":"#eeeeee","marquee_url":"http://pixelunion.net","footer_link_color":"#fe6f61","slide_4_content":"enabled","slide_4_desc":"","footer_bg":"#1f2527","show_mastercard":true,"input_text":"#1f2527","sidebar_bg_color":"#1f2527","slide_1_desc":"Donec ullamcorper nulla non metus auctor fringilla.","mailing_footer_title":"Mailing List","products_per_page":"9","link_hover":"#fe9898","mailchimp_subscribe_color":"#637479","notes":"enabled","home_blog":"enabled","show_amex":true,"text_font":"'Helvetica Neue', Helvetica, Arial, sans-serif","text_accent_color":"#fe6f61","payment_footer_title":"Payment \u0026 Shipping","title_color":"#eeeeee","nav_link_hover_bg_color":"#fe6f61","sidebar_text_color":"#b0c1c7","footer_icon":"#333f43","secondary_featured_products_hidden":false,"table_alt_color":"#F4F4F4","search_border_color":"#b0c1c7","search_text_color":"#1f2527","intro":"frontpage","bg_repeat":"repeat","blog_tag_background":"#fe6f61","we_ship_to":"Shipping regions include Canada, US, Europe, Australia, Japan. Contact us to get a quote for other territories.","slide_1_display":"enabled","marquee_title_color":"#e7ecee","secondary_text_color_two":"#637479","slide_4_price":"$599","secondary_header_font":"'BebasNeueRegular', Helvetica, Arial, sans-serif","slide_3_display":"disabled","cart_row_border_color":"#333f43","nav_link_color":"#b0c1c7","show_pu_link":true,"twitter_footer":"enabled","text_over_accent":"#FFFFFF","nav_active_link_color":"#e7ecee","twitter_count":"3"},"White":{"blog_tag_background":"#3bb5ed","marquee_content":"enabled","mailing_list_form_action":"","nav_active_link_bg_color":"#dddddd","secondary_text_color_two":"#999999","accent_hover":"#333333","sidebar_text_color":"#777777","display_recently_viewed":"enabled","share_products":"enabled","shop_bybrand":"enabled","nav_bg_color":"#eeeeee","rectangle_font":"'OstrichSansBlack', Helvetica, Arial, sans-serif","footer_bg":"#f1f1f1","shop_bycat":"enabled","twitter_footer":"enabled","secondary_text_color":"#AAAAAA","nav_link_color":"#555555","twitter_count":"3","show_amex":true,"featured_products_hidden":false,"twitter_handle":"pixelunion","text_accent_color":"#44b3e3","side_blog_excerpt":"no_excerpt","we_ship_to":"Shipping regions include Canada, US, Europe, Australia, Japan. Contact us to get a quote for other territories.","intro":"frontpage","customer_layout":"theme","fixed_height":"300","marquee_product":"","enable_mailing_list":true,"home_blog":"enabled","nav_active_link_color":"#555555","link_color":"#44b3e3","secondary_header_font":"'BebasNeueRegular', Helvetica, Arial, sans-serif","footer_link_color":"#3bb5ed","notes":"enabled","facebook_url":"","show_pu_link":true,"logo_text_color":"#333333","blog_tags":"enabled","marquee_url":"http://pixelunion.net","notes_text":"Tell us about any special instructions:","show_paypal":true,"product_bg":"#F1F1F1","home_twitter":"enabled","shop_byprice":"enabled","nav_link_hover":"#FFF","blog_tag_text":"#FFFFFF","twitter_side":"enabled","logo":"disabled","sidebar_title_color":"#555555","nav_link_hover_bg_color":"#3bb5ed","share_articles":"enabled","footer_text_color":"#777777","text_color":"#555555","home_blog_excerpt":"body","footer_title_color":"#555555","show_visa":true,"link_hover":"#63cbfb","secondary_featured_products":"","show_mastercard":true,"twitter_follow":"enabled","product_display_type":"fixed","text_font":"'Helvetica Neue', Helvetica, Arial, sans-serif","side_blog":"enabled","products_per_page":"9","show_discover":true,"featured_products":"frontpage","cart_row_border_color":"#dddddd","secondary_featured_products_hidden":false,"enable_creditcards":true,"marquee":"enabled","title_color":"#333333","logo_font":"'BebasNeueRegular', Helvetica, Arial, sans-serif","text_over_accent":"#FFFFFF"}},"current":{"base_color":"light","bg_color":"#FFFFFF","container_bg_color":"#FFFFFF","bg_image":"none","bg_repeat":"repeat","bg_position":"0 0","bg_attachment":"scroll","logo_font":"'BebasNeueRegular', Helvetica, Arial, sans-serif","logo_text_color":"#333333","logo":"enabled","text_font":"'Helvetica Neue', Helvetica, Arial, sans-serif","header_font":"'Helvetica Neue', Helvetica, Arial, sans-serif","secondary_header_font":"'BebasNeueRegular', Helvetica, Arial, sans-serif","rectangle_font":"'OstrichSansBlack', Helvetica, Arial, sans-serif","text_color":"#555555","secondary_text_color":"#AAAAAA","secondary_text_color_two":"#999999","title_color":"#333333","text_accent_color":"#44b3e3","text_over_accent":"#FFFFFF","accent_hover":"#44b3e3","link_color":"#44b3e3","link_hover":"#63cbfb","table_color":"#F9F9F9","table_alt_color":"#F4F4F4","input_background":"#ffffff","input_border":"#dddddd","input_text":"#999999","nav_top_color":"#FFFFFF","nav_bg_color":"#eeeeee","nav_link_color":"#555555","nav_link_hover":"#FFF","nav_link_hover_bg_color":"#3bb5ed","nav_active_link_color":"#555555","nav_active_link_bg_color":"#dddddd","nav_dropdown_bg":"#000000","search_bg_color":"#FFFFFF","search_border_color":"#dddddd","search_text_color":"#999999","intro":"frontpage","featured_products_heading":"Latest Designs","featured_products":"frontpage","featured_products_hidden":false,"secondary_featured_products":"","secondary_featured_products_hidden":false,"display_recently_viewed":"enabled","home_blog":"enabled","featured_blog":"news","home_blog_excerpt":"body","shop_bycat":"enabled","shop_bybrand":"enabled","home_twitter":"enabled","slideshow":"enabled","rotate_freq":"5000","marquee_title_color":"#ffffff","marquee_color":"#aaaaaa","slide_1_display":"enabled","slide_1_link":"/collections/all","slide_1_content":"enabled","slide_1_title":"Order 4 Hype Wipes","slide_1_price":"$5.00","slide_1_desc":"Within the United States","slide_2_display":"enabled","slide_2_link":"/collections/all","slide_2_content":"disabled","slide_2_title":"WIPE.","slide_2_price":"","slide_2_desc":"","slide_3_display":"enabled","slide_3_link":"/collections/all","slide_3_content":"disabled","slide_3_title":"Slide 3","slide_3_price":"$599","slide_3_desc":"","slide_4_display":"disabled","slide_4_link":"/collections/all","slide_4_content":"disabled","slide_4_title":"Slide 4","slide_4_price":"$599","slide_4_desc":"","slide_5_display":"disabled","slide_5_link":"/collections/all","slide_5_content":"disabled","slide_5_title":"Slide 5","slide_5_price":"$599","slide_5_desc":"","product_bg":"#F1F1F1","products_per_page":"9","product_display_type":"fixed","fixed_height":"300","share_products":"enabled","product_brand":"enabled","cart_row_border_color":"#dddddd","notes":"enabled","notes_text":"Tell us about any special instructions:","blog_tags":"enabled","blog_tag_background":"#3bb5ed","blog_tag_text":"#FFFFFF","share_articles":"enabled","sidebar_bg_color":"#F5F5F5","sidebar_title_color":"#555555","sidebar_text_color":"#777777","side_blog":"enabled","side_blog_excerpt":"no_excerpt","twitter_side":"enabled","twitter_handle":"pixelunion","twitter_count":"3","twitter_follow":"enabled","twitter_bubble":"#E5E5E5","twitter_follow_color":"#44b3e3","twitter_follow_hover":"#333333","about_footer_title":"About Us","about_footer":"Hype Wipes has developed a cleaning technology that will buff and clean your \"digital\" and \"non-digital\" devices and will make you the center of attention in every social circle with our sleek styles and killer designs.","payment_footer_title":"Payment \u0026 Shipping","enable_creditcards":true,"show_visa":true,"show_mastercard":true,"show_discover":true,"show_amex":true,"show_paypal":true,"we_ship_to":"Shipping regions include the US, Canada, Central America, South America, Mexico, Europe, Australia, Japan and pretty much the rest of the world.","mailing_footer_title":"Mailing List","enable_mailing_list":true,"mailing_list_form_action":"","mailing_list_text":"Like Hype Wipes on Facebook and subscribe to our mailing list and to stay up-to-date with promotions, new designs, crazy videos and our community.","facebook_url":"facebook.com/hypewipes","twitter_footer":"enabled","footer_blog_icon":"news","show_pu_link":true,"footer_links":"footer","footer_text_color":"#777777","footer_title_color":"#555555","footer_link_color":"#3bb5ed","footer_bg":"#f1f1f1","mailchimp_subscribe_color":"#44b3e3","mailchimp_subscribe_hover":"#333333","footer_icon":"#44b3e3","footer_icon_hover":"#333333","customer_layout":"theme"}}